{
    "A731FF": 0,
    "A858FF": 0.6236316879809495,
    "279CF02": 0,
    "559CR02": 0,
    "609CM02": 0,
    "641CM02": 0,
    "384BP02": 0.8517141226830615,
    "248PM02": 0,
    "731AP02": 0,
    "259PM02": 0,
    "284PM02": 0,
    "738SH02": 0,
    "A637FM": 0,
    "551AD02": 0,
    "841AP02": 0,
    "351AQ02": 0,
    "361AQ02": 0,
    "842LM02": 0,
    "843LM02": 0,
    "376CV02": 2.7260598479719107,
    "A698FK": 2.5595802696666228,
    "936BW02": 2.517158164308232,
    "A696AKD": 0,
    "271PM02": 0,
    "287CF02": 0.7174173880143504,
    "151CT02": 2.821160363443855,
    "A867EY": 1.2390525554245737,
    "A697AKD": 0,
    "181DO02": 2.9157176560789226,
    "A283FF": 1.8199955684805638,
    "567AD02": 1.152562959596279
}