{
    "Абдигалиев Мурат Курманжанович": {
        "609CM02": 34928.492178402485,
        "284PM02": 4686.037244209474,
        "181DO02": 43807.94622411341,
        "559CR02": 3000.905782822731,
        "287CF02": 5067.33047281466,
        "248PM02": 4698.09446869927
    },
    "Асанбеков Бақыт Асанбекұлы": {
        "551AD02": 84615.76400814566
    },
    "Байбалаев Ерик Аманжолович": {
        "731AP02": 121797.76503425042
    },
    "Баймурзаев Адилбек Абенович": {
        "609CM02": 65612.22898512827
    },
    "Баньяшимов Полат Махмудович": {
        "A637FM": 131481.93571118874,
        "567AD02": 8575.454327487416
    },
    "Биссариев Жолдыбек Нурымжанович": {
        "A731FF": 77457.94772877014
    },
    "Бутабаев Габит Есбосынович": {
        "279CF02": 97933.1604604179
    },
    "Джолдасбаев Сапарбай Сайлаубаевич": {
        "287CF02": 88704.60869172322,
        "151CT02": 0
    },
    "Есенгалиев Аскар Токтасынович": {
        "A858FF": 19847.510321921258
    },
    "Журсинбеков Аскар Бахытович": {
        "842LM02": 52610.47741277501,
        "841AP02": 3615.984729423559,
        "351AQ02": 18147.044992429714,
        "284PM02": 14861.803925153896,
        "361AQ02": 14852.791680255938,
        "271PM02": 4907.238723350618
    },
    "Кадыров Серик Джалелович": {
        "738SH02": 140821.61227177462
    },
    "Калиев Серик Дуйсенбекович": {
        "559CR02": 10302.868319623403
    },
    "Кемелканов Есболат Жаксылыкович": {
        "A858FF": 8218.336129564872,
        "287CF02": 18509.371825948157,
        "151CT02": 5314.038785791954,
        "609CM02": 4287.156314089979,
        "559CR02": 45907.361373732376,
        "A731FF": 2705.6091659171334,
        "A283FF": 0
    },
    "Клименчук Олег Анатольевич": {
        "284PM02": 65492.93700847612
    },
    "Кумабеков Бекмурат Ниязалиевич": {
        "376CV02": 127370.66998220568
    },
    "Молдабеков Рашит Нусипалиевич": {
        "259PM02": 113902.2860568006
    },
    "Мухамедияров Думан Жаркынжанович": {
        "A698FK": 120232.54839768054,
        "287CF02": 4940.743284153311,
        "559CR02": 5925.829188322764,
        "A637FM": 5061.157033680401,
        "181DO02": 5986.530497745341
    },
    "Нурсеитов Нуржан Сматович": {
        "559CR02": 24485.575502270298,
        "259PM02": 7999.119364849527,
        "A858FF": 48591.598720869515,
        "284PM02": 19208.76775891307,
        "A283FF": 4722.41400164723
    },
    "Оспанбаев Женис Нурболатович": {
        "384BP02": 30100.141309226783,
        "559CR02": 4552.076189003881,
        "A867EY": 9247.698884901749,
        "A283FF": 43126.20690933476,
        "248PM02": 20056.093446379393
    },
    "Сарсебаев Азамат Айдарбекович": {
        "843LM02": 139247.42450394566
    },
    "Симтиков Жомарт Нуркасымбекович": {
        "361AQ02": 116921.1082626482
    },
    "Симтиков Кайнар Нуркасымбекович": {
        "841AP02": 124918.90670766053,
        "731AP02": 7972.7539572967835
    },
    "Султанбеков Касым Жаксибекович": {
        "248PM02": 78357.37083155944,
        "731AP02": 6983.70953303137
    },
    "Тегисбаев Ерболат Адилгожаевич": {
        "A858FF": 3609.314762417059,
        "271PM02": 126348.54853808429
    },
    "Токмолдаев Даулет Молдашович": {
        "284PM02": 28165.7343474875,
        "A867EY": 69851.56485612784,
        "279CF02": 2845.9858164824886
    },
    "Умирбеков Нурбол Юсупакынович": {
        "351AQ02": 105261.61017171452
    },
    "Шакенов Болат Садырбаевич": {
        "641CM02": 102030.3690495766
    },
    "Шахметов Абай Сейтжанович": {
        "936BW02": 135175.987239496
    }
}