{
    "Абдигалиев Мурат Курманжанович": 95029.60664351995,
    "Асанбеков Бақыт Асанбекұлы": 43941.87691453616,
    "Байбалаев Ерик Аманжолович": 128528.82524216575,
    "Баймурзаев Адилбек Абенович": 68469.93111646919,
    "Баньяшимов Полат Махмудович": 8703.699941434083,
    "Биссариев Жолдыбек Нурымжанович": 82815.5126815022,
    "Бутабаев Габит Есбосынович": 101063.05782645808,
    "Джолдасбаев Сапарбай Сайлаубаевич": 0.0,
    "Есенгалиев Аскар Токтасынович": 20844.24548684072,
    "Журсинбеков Аскар Бахытович": 110518.2679857094,
    "Кадыров Серик Джалелович": 141143.55699324867,
    "Калиев Серик Дуйсенбекович": 7581.983246085353,
    "Кемелканов Есболат Жаксылыкович": 55487.37430284643,
    "Клименчук Олег Анатольевич": 67290.74869300709,
    "Кумабеков Бекмурат Ниязалиевич": 150234.57539352324,
    "Молдабеков Рашит Нусипалиевич": 117734.28246211437,
    "Мухамедияров Думан Жаркынжанович": 10743.709216819896,
    "Нурсеитов Нуржан Сматович": 101871.89145805797,
    "Оспанбаев Женис Нурболатович": 98783.47842636425,
    "Сарсебаев Азамат Айдарбекович": 144008.4918925028,
    "Симтиков Жомарт Нуркасымбекович": 117192.47551560635,
    "Симтиков Кайнар Нуркасымбекович": 138300.1147726062,
    "Султанбеков Касым Жаксибекович": 88240.08161100888,
    "Тегисбаев Ерболат Адилгожаевич": 132884.4514912807,
    "Токмолдаев Даулет Молдашович": 31875.83907299674,
    "Умирбеков Нурбол Юсупакынович": 104159.98761768239,
    "Шакенов Болат Садырбаевич": 103426.58066605305,
    "Шахметов Абай Сейтжанович": 162334.0018168607
}