{
    "Изтемилов Багдат Бектемирович": 1.0,
    "Кулжабаев Ербосын Калижанович": 0.9608938547486033,
    "Иманбаев Саят Аманович": 0.9982332155477032,
    "Бурлыбаев Тимур Оразбаевич": 1.0,
    "Оразалиев Алибек Сапарбекович": 1.0,
    "Бекишов Аскар Куанышович": 0.9935064935064934,
    "Рустем Асхат Дулатбекұлы": 1.0,
    "Шынтеміров Асхат Әбибуллаұлы": 1.0,
    "Бахамов Райдин Шерипович": 1.0,
    "Жұматаев Берік Қуатбекұлы": 0.6086956521739131,
    "Ибдиев Абдуили Мирзамович": 0.9487583253901616,
    "Санатбай Ерлан Санатбайұлы": 0.9,
    "Кенчимов Бакыт Бердыгулович": 1.0519395134779748,
    "Копбаев Куаныш Сагинбаевич": 1.0,
    "Рысбай Шерхан Мүсіркепұлы": 1.0,
    "Тегисбаев Ерболат Адилгожаевич": 1.0,
    "Баньяшимов Полат Махмудович": 1.0,
    "Кадыров Серик Джалелович": 1.0,
    "Зейнелкабиев Даурен Бахтыбекович": 0,
    "Нуралиев Бахитжан Курванжанович": 0.8691709844559585,
    "Султанбеков Касым Жаксибекович": 0.9753086419753086,
    "Атабаев Тохтар Толеуович": 0.9909502262443439,
    "Калкабаев Нурлан Нуркеримович": 0.9642857142857143,
    "Кожахметов Базарбек Жанарбекович": 0.7274529814841812,
    "Акыбаев Канат Бейсенбекович": 0.9743589743589743,
    "Байбалаев Ерик Аманжолович": 0.9942857142857143,
    "Меркибаев Бекзат Еркинович": 0.9142253592390204,
    "Ерболов Нұрбол Ерболұлы": 0.9739583333333333,
    "Зандаров Абубекир Пулат-Оглы": 0.7547483380816715,
    "Темірбай Серік Алғазыұлы": 0.6160714285714285,
    "Бахамов Дилмурат Шерипович": 1.0,
    "Альдибаев Саят Мелисбекович": 0.9455782312925171,
    "Клименчук Олег Анатольевич": 1.0,
    "Сарсебаев Азамат Айдарбекович": 0.9811320754716981,
    "Камалов Таиржан Закирович": 0.9911504424778761,
    "Кенжебаев Ергали Бурибаевич": 0.9167038303354641,
    "Шаргунов Нургелди Токтасынович": 0.9925053533190578,
    "Новак Андрей Васильевич": 0.9927007299270073,
    "Бурхандинов Анвар Бахаудинович": 1.0,
    "Велямов Ахмет Аркинжанович": 0.9361702127659575,
    "Ескараев Хасан Мухамеджанович": 0.7514993458577466,
    "Альдибаев Мурат Мелисбекович": 1.0,
    "Нажуан Азат Нұрғалиұлы": 0.42902705268153773,
    "Кылышбаев Мадияр Дуйсенбаевич": 0.8883355811460385,
    "Сыязбаев Елдос Алмасұлы": 1.0,
    "Кемелканов Есболат Жаксылыкович": 1.0,
    "Исмаилов Абдулсамат Абукаримович": 0.9368421052631579,
    "Жигазиев Хасен Симтикович": 0.9064918032786885,
    "Касымбаев Ержан Джумабекович": 0.3074411302982732,
    "Бабаев Нурлан Алмасбекович": 0.9149338374291116,
    "Кудайбердиев Берик Жапсарбаевич": 0.9979959919839679,
    "Темербаев Талгат Бекжанович": 0.9771428571428571,
    "Баймурзаев Адилбек Абенович": 1.0,
    "Садыров Жанбек Әлпекұлы": 1.0,
    "Калиев Серик Дуйсенбекович": 1.0,
    "Абылкасымов Ермек Батырханович": 0.8599110639926966,
    "Умирбеков Нурбол Юсупакынович": 1.0,
    "Бакиров Советбек ": 1.0,
    "Бишямов Данияр Гуламжанович": 0,
    "Каликеев Кайрат Бежигитович": 0.5260285714285714,
    "Коштанов Габит Аширкулович": 1.0,
    "Асанбеков Бақыт Асанбекұлы": 1.0,
    "Биссариев Жолдыбек Нурымжанович": 1.0,
    "Оспанов Жанабай Арынович": 1.0,
    "Симтиков Жомарт Нуркасымбекович": 1.0,
    "Нургалиев Мухит Абдигалиевич": 1.0,
    "Алтаев Данияр Бахтұлы": 1.0,
    "Аманбай Жайлаубай ": 1.0,
    "Джаиков Болатбек Балтабаевич": 0.8548096707818928,
    "Жумашев Аубакир ": 0,
    "Бутабаев Габит Есбосынович": 1.0,
    "Нурсеитов Нуржан Сматович": 1.0,
    "Мухамеджанов Бекжан Умиржанович": 0.4551661356395084,
    "Нуршаев Руслан Нурахметович": 1.0,
    "Джолдасбаев Сапарбай Сайлаубаевич": 0.3197042192257503,
    "Кайырбеков Алмас Абдибалиевич": 0.1855287569573284,
    "Утегенов Коптилеу Алгазиевич": 0,
    "Шынгысов Елдос Куанышович": 0,
    "Карибозов Канатбек Калханович": 0,
    "Ногаев Акан Кокенович": 0,
    "Абдигалиев Мурат Курманжанович": 0,
    "Шахметов Абай Сейтжанович": 0,
    "Катубаев Аманкелди Мусабаевич": 0,
    "Дуванкулов Санат Сакенович": 0,
    "Гиньков Сергей Александрович": 0,
    "Сыдиков Нуруллам Низамович": 0,
    "Туркпенбаев Нурым Джумогоджаевич": 0,
    "Уразбаков Арапбай Хусанович": 0,
    "Мухамедияров Думан Жаркынжанович": 0,
    "Коржынбаев Медет Талгатович": 0,
    "Серикболов Ердаулет Сырлыбекович": 0,
    "Кумабеков Бекмурат Ниязалиевич": 0,
    "Мусанов Берик Дакенович": 0,
    "Симтиков Кайнар Нуркасымбекович": 0,
    "Токмолдаев Даулет Молдашович": 0,
    "Онбаев Турсун Бактыярович": 0,
    "Джаникулов Кажымухан Калмухамбетович": 0,
    "Баймухамбетов Альпек Абумаликович": 0,
    "Каримов Алиакбар Есиркепович": 0,
    "Кумекбаев Назарбек Нуржаевич": 0,
    "Момбасов Рауан Мухаметханович": 0,
    "Конратбаев Данияр Раймович": 0,
    "Кротов Андрей Александрович": 0,
    "Молдабеков Рашит Нусипалиевич": 0,
    "Керимбаев Ербол Токтаубаевич": 0,
    "Жауғашбай Балтабай Ниязбекұлы": 0,
    "Журсинбеков Аскар Бахытович": 0,
    "Абилкасимов Ержан Ерназарович": 0,
    "Амантурдиев Айдос Пердекулович": 0,
    "Орынтаев Нұрмұханбет Бекмұратұлы": 0,
    "Сманов Усен Калыкулович": 0,
    "Джумагулов Нурали Пулатхонович": 0,
    "Анарбаев Аманкелди Пердебаевич": 0,
    "Нуржигитов Куралбек Медетбекович": 0,
    "Аман Ерболат Мұратұлы": 0,
    "Умаров Еламан Джананович": 0,
    "Тешебаев Саулебек Аскербаевич": 0,
    "Толентаев Сабит Куатбекович": 0,
    "Берікхан Дәурен Баратбекұлы": 0,
    "Берікхан Данияр Жақыпбекұлы": 0,
    "Фазылжан Дархан Нурсултанұлы": 0,
    "Қадыр Ерхан Нурдаулетұлы": 0,
    "Аматов Нуридин Шамшидинович": 0,
    "Жангабылов Талгат Бахытұлы": 0,
    "Жанпейсов Темирлан Касымханович": 0,
    "Сапар Тәңірберген Қуанышбекұлы": 0,
    "Мухаждин Шухрат Полатұлы": 0,
    "Кадыр Бағлан Нурдаулетұлы": 0,
    "Ахтамов Шадияр Асимжанович": 0,
    "Уалхан Рамазан Ермаханұлы": 0,
    "Жапбаров Ерболат Нұрланұлы": 0,
    "Маусымбеков Нурбол Сабитұлы": 0,
    "Тилеубаев Жаппарбек Дусенбекович": 0,
    "Жуманов Нуриддин Оразалиұлы": 0,
    "Амантурдиев Бахыт Абдувалиевич": 0,
    "Жураев Нурсултан Жумабекович": 0,
    "Тұрғанбаев Қажымұхан Сапарханұлы": 0,
    "Қыдыр Жақсылық Сапарбекұлы": 0,
    "Анарбаев Галымжан Пердебаевич": 0,
    "Абдыкаимов Жандос Берікұлы": 0,
    "Тұрлыбек Қайыржан Маратұлы": 0,
    "Есеналиев Калдарбек Усенович": 0,
    "Қалижан Медет Қадыржанұлы": 0,
    "Қуатбек Медет Бақытұлы": 0,
    "Балабеков Нурболат Сатбайулы": 0,
    "Избасаров Токтагул Избасарович": 0,
    "Алиев Леонид Актамович": 0,
    "Қыдыр Қазыбек Абитханұлы": 0,
    "Авамов Шарипжан Нурсултанович": 0,
    "Етекбаев Аккозы Жагипарович": 0,
    "Тумарбаев Бакберген Аубакирович": 0,
    "Сейполдаев Берик Кожбанбетулы": 0,
    "Орумбеков Ибадулла Шынтемирович": 0,
    "Тасполат Нұрболат Мұханұлы": 0,
    "Аширов Камирдин Армидинович": 0,
    "Жанталиев Оралбай Кулжабаевич": 0,
    "Дүйсенбинов Әлішер Әліпбекұлы": 0,
    "Жуматоев Алибек Турдибоевич": 0,
    "Сембай Байбол Бағысбайұлы": 0,
    "Ризеденов   Шыңғысхан Досжанұлы": 0,
    "Дүйсембек Ербол Нәсіпханұлы": 0,
    "Манап Сырым Бақтайұлы": 0,
    "Куснадинов Кайтыбай Хожабаевич": 0,
    "Дуйсабаев Куаныш Жумабекович": 0,
    "Мавланов Дауранбек Арапбаевич": 0,
    "Турлашев Нурбол Уалиевич": 0,
    "Сайбеков Раухат Сайдылаевич": 0,
    "Батырбеков Эльдар Жабыкбаевич": 0,
    "Кулбаев Шалабай Толегенович": 0,
    "Қалмұрзаев Арыстан Зейнуллаұлы": 0,
    "Абдикалиев Нурдос Ермекбаевич": 0,
    "Шыназбек Қуаныш Қозыбағарұлы": 0,
    "Закиров Руфат Русланович": 0,
    "Раймкулов Еркин Арапбаевич": 0,
    "Алмабеков Ерлик Разжанович": 0,
    "Исаков Данабек Орынбасарович": 0,
    "Байгужин Самат Дуйсенбаевич": 0,
    "Анаятов Насыр Минамжанұлы": 0,
    "Махмут Бахардин Махаматжанұлы": 0,
    "Елимбаев Курмангазы Болысбекович": 0,
    "Баймурзин Серген Миядинович": 0,
    "Жағыпар Айдар Аққозыұлы": 0,
    "Жумадилов Айболат Дәнешұлы": 0,
    "Орынбеков Конот Тойлыбойули": 0,
    "Мұсаев Нұрсұлтан Есентайұлы": 0,