{
    "Кенжали Рамазан Сагинхалиұлы": {
        "551AD02": 57124.43998889701,
        "A698FК": 0.0,
        "181DO02": 34509.03254776234,
        "361AQ02": 85851.83079326243,
        "867ЕY02": 0.0,
        "287СF02": 0.0,
        "376CV02": 97652.4740057901,
        "936BW02": 105517.10118095945
    },
    "Улдаханулы Д": {
        "A858FF": 54793.523917847306
    },
    "Туртбаев Бакытжан": {
        "641CM02": 67227.27743293448,
        "936BW02": 105517.10118095945
    },
    "Акишов Нуржан Мусаевич": {
        "551AD02": 57124.43998889701,
        "842LM02": 34859.79835905027,
        "841АР02": 86870.25095817505
    },
    "Айнабеков Эрман Жоханбекович": {
        "731FF02": 55710.37017149498,
        "181DO02": 34509.03254776234,
        "361AQ02": 85851.83079326243,
        "351AQ02": 79376.12375820427,
        "A858FF": 54793.523917847306,
        "867ЕY02": 0.0,
        "287СF02": 0.0,
        "A283FF": 31721.717012119538,
        "936BW02": 105517.10118095945
    },
    "Аширмухамедов Дилмухаммад Хамдамович": {
        "841АР02": 86870.25095817505,
        "843LM02": 93605.51973012682
    },
    "Байгозиев Нурсултан Муратханович": {
        "361AQ02": 85851.83079326243,
        "351AQ02": 79376.12375820427,
        "842LM02": 34859.79835905027,
        "841АР02": 86870.25095817505,
        "843LM02": 93605.51973012682
    },
    "Аркабаев Даулет Амангазинович": {
        "936BW02": 105517.10118095945,
        "259PM02": 81901.63469883974
    },
    "Батталов Кайрат Кенесович": {
        "181DO02": 34509.03254776234,
        "559CR02": 67007.01823301514,
        "279CF02": 67600.0,
        "351AQ02": 79376.12375820427,
        "384BP02": 19986.306469307394,
        "376CV02": 97652.4740057901,
        "841АР02": 86870.25095817505
    },
    "Кажиев Сабит Саматович": {
        "551AD02": 57124.43998889701,
        "271PM02": 87170.0326166925,
        "284PM02": 88432.59198956088,
        "559CR02": 67007.01823301514,
        "351AQ02": 79376.12375820427,
        "842LM02": 34859.79835905027,
        "936BW02": 105517.10118095945,
        "841АР02": 86870.25095817505,
        "843LM02": 93605.51973012682
    },
    "Мұса Нұрсұлтан Ержанұлы": {
        "287СF02": 0.0,
        "842LM02": 34859.79835905027,
        "376CV02": 97652.4740057901
    },
    "Алдибаев Даулетбай Есболатович": {
        "731FF02": 55710.37017149498,
        "181DO02": 34509.03254776234,
        "А637FM": 0.0,
        "A858FF": 54793.523917847306,
        "A283FF": 31721.717012119538
    },
    "Бектемір Азамат Алтынбекұлы": {
        "A698FК": 0.0,
        "181DO02": 34509.03254776234,
        "559CR02": 67007.01823301514,
        "151CT02": 3708.9015658438034,
        "376CV02": 97652.4740057901,
        "936BW02": 105517.10118095945
    },
    "Тұрлыбек Қайыржан Маратұлы": {
        "A698FК": 0.0,
        "А637FM": 0.0,
        "731АP02": 88334.01468722188,
        "248PM02": 69172.0372373988,
        "609СM02": 71105.8362084209,
        "376CV02": 97652.4740057901,
        "936BW02": 105517.10118095945,
        "738SH02": 91743.31204561164,
        "841АР02": 86870.25095817505,
        "259PM02": 81901.63469883974
    },
    "Журсинбеков Тиллабек Толсуевич": {
        "731FF02": 55710.37017149498,
        "376CV02": 97652.4740057901
    },
    "Таубалди Әсет ": {
        "A698FК": 0.0,
        "181DO02": 34509.03254776234,
        "A858FF": 54793.523917847306,
        "842LM02": 34859.79835905027,
        "376CV02": 97652.4740057901,
        "936BW02": 105517.10118095945,
        "841АР02": 86870.25095817505
    },
    "Жақсиликов Одилбек Мейрбекуғли": {
        "A698FК": 0.0,
        "А637FM": 0.0,
        "376CV02": 97652.4740057901,
        "936BW02": 105517.10118095945
    },
    "Тұрлыбек Мейіржан Маратұлы": {
        "361AQ02": 85851.83079326243,
        "248PM02": 69172.0372373988,
        "376CV02": 97652.4740057901,
        "738SH02": 91743.31204561164
    },
    "Жураев Нурсултан Жумабекович": {
        "А637FM": 0.0,
        "A858FF": 54793.523917847306,
        "567AD02": 5657.404961932154
    },
    "Бейімбет Айнабек Атабайұлы": {
        "551AD02": 57124.43998889701,
        "181DO02": 34509.03254776234,
        "284PM02": 88432.59198956088,
        "361AQ02": 85851.83079326243,
        "351AQ02": 79376.12375820427,
        "А637FM": 0.0,
        "738SH02": 91743.31204561164
    },
    "Анаркулов Олжас Балатаевич": {
        "181DO02": 34509.03254776234,
        "559CR02": 67007.01823301514,
        "279CF02": 67600.0,
        "867ЕY02": 0.0,
        "384BP02": 19986.306469307394,
        "842LM02": 34859.79835905027,
        "376CV02": 97652.4740057901,
        "936BW02": 105517.10118095945
    },
    "Карабаев Максат Жумабаевич": {
        "551AD02": 57124.43998889701,
        "181DO02": 34509.03254776234,
        "279CF02": 67600.0,
        "351AQ02": 79376.12375820427,
        "А637FM": 0.0,
        "867ЕY02": 0.0,
        "287СF02": 0.0,
        "842LM02": 34859.79835905027,
        "376CV02": 97652.4740057901,
        "738SH02": 91743.31204561164,
        "841АР02": 86870.25095817505,
        "843LM02": 93605.51973012682
    },
    "Мусагулов Жандос Джакыпбекович": {
        "551AD02": 57124.43998889701,
        "A698FК": 0.0,
        "284PM02": 88432.59198956088,
        "A858FF": 54793.523917847306,
        "A283FF": 31721.717012119538,
        "609СM02": 71105.8362084209
    },
    "Нурмухан Еркін Ерлыкұлы": {
        "551AD02": 57124.43998889701,
        "A698FК": 0.0,
        "361AQ02": 85851.83079326243,
        "376CV02": 97652.4740057901,
        "936BW02": 105517.10118095945
    },
    "Төлеу Талғат Тіллабекұлы": {
        "181DO02": 34509.03254776234,
        "361AQ02": 85851.83079326243,
        "279CF02": 67600.0,
        "867ЕY02": 0.0,
        "384BP02": 19986.306469307394,
        "936BW02": 105517.10118095945
    },
    "Қуатбек Медет Бақытұлы": {
        "248PM02": 69172.0372373988,
        "A283FF": 31721.717012119538,
        "738SH02": 91743.31204561164
    },
    "Дартаев Ерболат Мухтарович": {
        "361AQ02": 85851.83079326243
    },
    "Сайбеков Раухат Сайдылаевич": {
        "284PM02": 88432.59198956088,
        "279CF02": 67600.0
    },
    "Акишов Ербол Мусаевич": {
        "551AD02": 57124.43998889701,
        "842LM02": 34859.79835905027
    },
    "Қыдыр Қазыбек Абитханұлы": {
        "248PM02": 69172.0372373988,
        "A283FF": 31721.717012119538
    },
    "Қыдыр Жақсылық Сапарбекұлы": {
        "А637FM": 0.0,
        "567AD02": 5657.404961932154
    },
    "Акишов Ержан Мусаулы": {
        "551AD02": 57124.43998889701,
        "A698FК": 0.0,
        "361AQ02": 85851.83079326243,
        "287СF02": 0.0,
        "842LM02": 34859.79835905027,
        "376CV02": 97652.4740057901,
        "936BW02": 105517.10118095945,
        "841АР02": 86870.25095817505
    },
    "   ": {
        "551AD02": 57124.43998889701,
        "А637FM": 0.0
    },
    "Батырбеков Эльдар Жабыкбаевич": {
        "559CR02": 67007.01823301514,
        "843LM02": 93605.51973012682
    },
    "Жаугашбаев Мурат Дарибаевич": {
        "609СM02": 71105.8362084209
    },
    "Джунисбеков Самат Серикбаевич": {
        "731FF02": 55710.37017149498,
        "181DO02": 34509.03254776234,
        "361AQ02": 85851.83079326243,
        "287СF02": 0.0,
        "609СM02": 71105.8362084209,
        "376CV02": 97652.4740057901
    },
    "Жанатаев Ринат Оспанович": {
        "641CM02": 67227.27743293448,
        "A698FК": 0.0,
        "181DO02": 34509.03254776234,
        "361AQ02": 85851.83079326243,
        "559CR02": 67007.01823301514,
        "351AQ02": 79376.12375820427,
        "867ЕY02": 0.0,
        "376CV02": 97652.4740057901,
        "841АР02": 86870.25095817505
    },
    "Бурабаев Ибрахим Аитбаевич": {
        "936BW02": 105517.10118095945,
        "259PM02": 81901.63469883974
    },
    "Пошанов Мурат": {
        "361AQ02": 85851.83079326243,
        "559CR02": 67007.01823301514,
        "279CF02": 67600.0,
        "287СF02": 0.0,