{
    "Кенжали Рамазан Сагинхалиұлы": {
        "551AD02": 1830.9115381056731,
        "A698FК": 0.0,
        "181DO02": 1106.058735505203,
        "361AQ02": 2751.6612433737955,
        "867ЕY02": 0.0,
        "287СF02": 0.0,
        "376CV02": 6259.773974730135,
        "936BW02": 20291.750227107586
    },
    "Улдаханулы Д": {
        "A858FF": 14049.621517396745
    },
    "Туртбаев Бакытжан": {
        "641CM02": 60332.17205519762,
        "936BW02": 3381.9583711845976
    },
    "Акишов Нуржан Мусаевич": {
        "551AD02": 27463.6730715851,
        "842LM02": 8938.409835653914,
        "841АР02": 2784.302915326123
    },
    "Айнабеков Эрман Жоханбекович": {
        "731FF02": 26783.83181321874,
        "181DO02": 1106.058735505203,
        "361AQ02": 2751.6612433737955,
        "351AQ02": 2544.106530711675,
        "A858FF": 3512.405379349186,
        "867ЕY02": 0.0,
        "287СF02": 0.0,
        "A283FF": 5083.6084955319775,
        "936BW02": 10145.875113553793
    },
    "Аширмухамедов Дилмухаммад Хамдамович": {
        "841АР02": 72391.8757984792,
        "843LM02": 6000.353828854282
    },
    "Байгозиев Нурсултан Муратханович": {
        "361AQ02": 5503.322486747591,
        "351AQ02": 33073.384899251774,
        "842LM02": 4469.204917826957,
        "841АР02": 5568.605830652246,
        "843LM02": 9000.530743281424
    },
    "Аркабаев Даулет Амангазинович": {
        "936BW02": 3381.9583711845976,
        "259PM02": 73501.46703742028
    },
    "Батталов Кайрат Кенесович": {
        "181DO02": 1106.058735505203,
        "559CR02": 2147.6608408017673,
        "279CF02": 45500.0,
        "351AQ02": 2544.106530711675,
        "384BP02": 640.5867458111343,
        "376CV02": 3129.8869873650674,
        "841АР02": 2784.302915326123
    },
    "Кажиев Сабит Саматович": {
        "551AD02": 27463.6730715851,
        "271PM02": 2793.911301817067,
        "284PM02": 5668.755896766723,
        "559CR02": 2147.6608408017673,
        "351AQ02": 5088.21306142335,
        "842LM02": 1117.3012294567393,
        "936BW02": 3381.9583711845976,
        "841АР02": 11137.211661304493,
        "843LM02": 6000.353828854282
    },
    "Мұса Нұрсұлтан Ержанұлы": {
        "287СF02": 0.0,
        "842LM02": 1117.3012294567393,
        "376CV02": 3129.8869873650674
    },
    "Алдибаев Даулетбай Есболатович": {
        "731FF02": 7142.355150191664,
        "181DO02": 1106.058735505203,
        "А637FM": 0.0,
        "A858FF": 29855.445724468085,
        "A283FF": 4066.8867964255815
    },
    "Бектемір Азамат Алтынбекұлы": {
        "A698FК": 0.0,
        "181DO02": 1106.058735505203,
        "559CR02": 49396.19933844065,
        "151CT02": 118.87505018730138,
        "376CV02": 12519.54794946027,
        "936BW02": 6763.916742369195
    },
    "Тұрлыбек Қайыржан Маратұлы": {
        "A698FК": 0.0,
        "А637FM": 0.0,
        "731АP02": 5662.436838924478,
        "248PM02": 2217.052475557654,
        "609СM02": 2279.0332118083616,
        "376CV02": 9389.660962095202,
        "936BW02": 3381.9583711845976,
        "738SH02": 26464.416936234127,
        "841АР02": 5568.605830652246,
        "259PM02": 5250.104788387162
    },
    "Журсинбеков Тиллабек Толсуевич": {
        "731FF02": 14284.710300383327,
        "376CV02": 3129.8869873650674
    },
    "Таубалди Әсет ": {
        "A698FК": 0.0,
        "181DO02": 1106.058735505203,
        "A858FF": 3512.405379349186,
        "842LM02": 1117.3012294567393,
        "376CV02": 12519.54794946027,
        "936BW02": 27055.66696947678,
        "841АР02": 8352.90874597837
    },
    "Жақсиликов Одилбек Мейрбекуғли": {
        "A698FК": 0.0,
        "А637FM": 0.0,
        "376CV02": 3129.8869873650674,
        "936BW02": 3381.9583711845976
    },
    "Тұрлыбек Мейіржан Маратұлы": {
        "361AQ02": 2751.6612433737955,
        "248PM02": 8868.209902230616,
        "376CV02": 3129.8869873650674,
        "738SH02": 20583.435394848766
    },
    "Жураев Нурсултан Жумабекович": {
        "А637FM": 0.0,
        "A858FF": 1756.202689674593,
        "567AD02": 362.6541642264201
    },
    "Бейімбет Айнабек Атабайұлы": {
        "551AD02": 1830.9115381056731,
        "181DO02": 1106.058735505203,
        "284PM02": 11337.511793533446,
        "361AQ02": 2751.6612433737955,
        "351AQ02": 2544.106530711675,
        "А637FM": 0.0,
        "738SH02": 38226.38001900484
    },
    "Анаркулов Олжас Балатаевич": {
        "181DO02": 1106.058735505203,
        "559CR02": 2147.6608408017673,
        "279CF02": 2166.6666666666665,
        "867ЕY02": 0.0,
        "384BP02": 2562.346983244537,
        "842LM02": 1117.3012294567393,
        "376CV02": 6259.773974730135,
        "936BW02": 6763.916742369195
    },
    "Карабаев Максат Жумабаевич": {
        "551AD02": 5492.73461431702,
        "181DO02": 1106.058735505203,
        "279CF02": 6500.0,
        "351AQ02": 2544.106530711675,
        "А637FM": 0.0,
        "867ЕY02": 0.0,
        "287СF02": 0.0,
        "842LM02": 1117.3012294567393,
        "376CV02": 3129.8869873650674,
        "738SH02": 2940.4907706926806,
        "841АР02": 11137.211661304493,
        "843LM02": 6000.353828854282
    },
    "Мусагулов Жандос Джакыпбекович": {
        "551AD02": 1830.9115381056731,
        "A698FК": 0.0,
        "284PM02": 8503.133845150085,
        "A858FF": 19318.229586420523,
        "A283FF": 1016.7216991063954,
        "609СM02": 2279.0332118083616
    },
    "Нурмухан Еркін Ерлыкұлы": {
        "551AD02": 1830.9115381056731,
        "A698FК": 0.0,
        "361AQ02": 5503.322486747591,
        "376CV02": 12519.54794946027,
        "936BW02": 13527.83348473839
    },
    "Төлеу Талғат Тіллабекұлы": {
        "181DO02": 1106.058735505203,
        "361AQ02": 2751.6612433737955,
        "279CF02": 6500.0,
        "867ЕY02": 0.0,
        "384BP02": 1281.1734916222686,
        "936BW02": 6763.916742369195
    },
    "Қуатбек Медет Бақытұлы": {
        "248PM02": 19953.472280018887,
        "A283FF": 4066.8867964255815,
        "738SH02": 23523.926165541445
    },
    "Дартаев Ерболат Мухтарович": {
        "361AQ02": 68791.5310843449
    },
    "Сайбеков Раухат Сайдылаевич": {
        "284PM02": 79362.58255473414,
        "279CF02": 2166.6666666666665
    },
    "Акишов Ербол Мусаевич": {
        "551AD02": 3661.8230762113462,
        "842LM02": 1117.3012294567393
    },
    "Қыдыр Қазыбек Абитханұлы": {
        "248PM02": 55426.31188894135,
        "A283FF": 3050.1650973191863
    },
    "Қыдыр Жақсылық Сапарбекұлы": {
        "А637FM": 0.0,
        "567AD02": 362.6541642264201
    },
    "Акишов Ержан Мусаулы": {
        "551AD02": 1830.9115381056731,
        "A698FК": 0.0,
        "361AQ02": 2751.6612433737955,
        "287СF02": 0.0,
        "842LM02": 1117.3012294567393,
        "376CV02": 3129.8869873650674,
        "936BW02": 6763.916742369195,
        "841АР02": 2784.302915326123
    },
    "   ": {
        "551AD02": 1830.9115381056731,
        "А637FM": 0.0
    },
    "Батырбеков Эльдар Жабыкбаевич": {
        "559CR02": 2147.6608408017673,
        "843LM02": 66003.8921173971
    },
    "Жаугашбаев Мурат Дарибаевич": {
        "609СM02": 43301.631024358874
    },
    "Джунисбеков Самат Серикбаевич": {
        "731FF02": 32140.598175862488,
        "181DO02": 2212.117471010406,
        "361AQ02": 2751.6612433737955,
        "287СF02": 0.0,
        "609СM02": 6837.099635425086,
        "376CV02": 9389.660962095202
    },
    "Жанатаев Ринат Оспанович": {
        "641CM02": 2154.7204305427717,
        "A698FК": 0.0,
        "181DO02": 2212.117471010406,
        "361AQ02": 27516.612433737955,
        "559CR02": 2147.6608408017673,
        "351AQ02": 2544.106530711675,
        "867ЕY02": 0.0,
        "376CV02": 6259.773974730135,
        "841АР02": 5568.605830652246
    },
    "Бурабаев Ибрахим Аитбаевич": {
        "936BW02": 3381.9583711845976,
        "259PM02": 68251.36224903312
    },
    "Пошанов Мурат": {
        "361AQ02": 2751.6612433737955,