{
    "A731FF": 0.37892914162759955,
    "A858FF": 0.33647504815808904,
    "279CF02": 0.5,
    "559CR02": 0.4124302971676513,
    "609CM02": 0.6674199270850172,
    "641CM02": 0.4081419357077111,
    "384BP02": 0.5877739531418043,
    "248PM02": 0.582366793234228,
    "731AP02": 0.7730166686334902,
    "259PM02": 0.6500269455852704,
    "284PM02": 0.8122523963562356,
    "738SH02": 0.8122523963562356,
    "A637FM": 0.8572439828530728,
    "551AD02": 0.44859276600716885,
    "841AP02": 0.7916655418793449,
    "351AQ02": 0.7684375906440062,
    "361AQ02": 0.7176879342261148,
    "842LM02": 0.7626488821979136,
    "843LM02": 0.9000943543611422,
    "376CV02": 0.23895032065486557,
    "A698FK": 0.32234257710989483,
    "936BW02": 0.2871745887492588,
    "A696AKD": 0,
    "271PM02": 0.7916655418793449,
    "287CF02": 0.5358867312681466,
    "151CT02": 0.1767766952966369,
    "A867EY": 0.5,
    "A697AKD": 0,
    "181DO02": 0.21932027778079147,
    "A283FF": 0.3968502629920499,
    "567AD02": 0.307786103336229
}