{
    "Абдигалиев Мурат Курманжанович": {
        "609CM02": 0.7071067811865476,
        "284PM02": 0.8122523963562356,
        "181DO02": 0.22144187977559018,
        "559CR02": 0.3535533905932738,
        "287CF02": 0.7071067811865476,
        "248PM02": 0.8122523963562356
    },
    "Асанбеков Бақыт Асанбекұлы": {
        "551AD02": 0.44859276600716885
    },
    "Байбалаев Ерик Аманжолович": {
        "731AP02": 0.7900413118633772
    },
    "Баймурзаев Адилбек Абенович": {
        "609CM02": 0.6446851542197896
    },
    "Баньяшимов Полат Махмудович": {
        "A637FM": 0.8521803964285746,
        "567AD02": 0.307786103336229
    },
    "Биссариев Жолдыбек Нурымжанович": {
        "A731FF": 0.3855527063519852
    },
    "Бутабаев Габит Есбосынович": {
        "279CF02": 0.5069797398950145
    },
    "Джолдасбаев Сапарбай Сайлаубаевич": {
        "287CF02": 0.509204046637051
    },
    "Есенгалиев Аскар Токтасынович": {
        "A858FF": 0.32987697769322355
    },
    "Журсинбеков Аскар Бахытович": {
        "842LM02": 0.7626488821979136,
        "841AP02": 0.4061261981781178,
        "351AQ02": 0.6830201283771978,
        "284PM02": 0.8122523963562356,
        "361AQ02": 0.8122523963562356,
        "271PM02": 0.8122523963562356
    },
    "Кадыров Серик Джалелович": {
        "738SH02": 0.8122523963562356
    },
    "Калиев Серик Дуйсенбекович": {
        "559CR02": 0.3535533905932738
    },
    "Кемелканов Есболат Жаксылыкович": {
        "A858FF": 0.5,
        "287CF02": 0.5946035575013605,
        "151CT02": 0.1767766952966369,
        "609CM02": 0.7071067811865476,
        "559CR02": 0.4101676780038189,
        "A731FF": 0.25
    },
    "Клименчук Олег Анатольевич": {
        "284PM02": 0.8122523963562356
    },
    "Кумабеков Бекмурат Ниязалиевич": {
        "376CV02": 0.3729161226228505
    },
    "Молдабеков Рашит Нусипалиевич": {
        "259PM02": 0.6562455738392918
    },
    "Мухамедияров Думан Жаркынжанович": {
        "A698FK": 0.4061261981781178,
        "287CF02": 0.7071067811865476,
        "559CR02": 0.3535533905932738,
        "A637FM": 1.0,
        "181DO02": 0.4061261981781178
    },
    "Нурсеитов Нуржан Сматович": {
        "559CR02": 0.4309864106234889,
        "259PM02": 0.5743491774985175,
        "A858FF": 0.3263779244274524,
        "284PM02": 0.8122523963562356,
        "A283FF": 0.25
    },
    "Оспанбаев Женис Нурболатович": {
        "384BP02": 0.5877739531418043,
        "559CR02": 0.7071067811865476,
        "A867EY": 0.3535533905932738,
        "A283FF": 0.42044820762685725,
        "248PM02": 0.5358867312681466
    },
    "Сарсебаев Азамат Айдарбекович": {
        "843LM02": 0.9000943543611422
    },
    "Симтиков Жомарт Нуркасымбекович": {
        "361AQ02": 0.7071067811865477
    },
    "Симтиков Кайнар Нуркасымбекович": {
        "841AP02": 0.8122523963562356,
        "731AP02": 0.5743491774985175
    },
    "Султанбеков Касым Жаксибекович": {
        "248PM02": 0.5849218507298141,
        "731AP02": 0.4061261981781178
    },
    "Тегисбаев Ерболат Адилгожаевич": {
        "A858FF": 0.25,
        "271PM02": 0.7908842457011136
    },
    "Токмолдаев Даулет Молдашович": {
        "284PM02": 0.8122523963562356,
        "A867EY": 0.5253783193266097,
        "279CF02": 0.3535533905932738
    },
    "Умирбеков Нурбол Юсупакынович": {
        "351AQ02": 0.7389949258879311
    },
    "Шакенов Болат Садырбаевич": {
        "641CM02": 0.4081419357077111
    },
    "Шахметов Абай Сейтжанович": {
        "936BW02": 0.39619586113463706
    }
}