{
    "151CT02": 5706.002408990466,
    "248PM02": 106418.5188267674,
    "259PM02": 126002.5149212919,
    "271PM02": 134107.74248721922,
    "279CF02": 104000.0,
    "284PM02": 136050.14152240136,
    "351AQ02": 122117.1134741604,
    "361AQ02": 132079.73968194218,
    "376CV02": 150234.57539352324,
    "384BP02": 30748.16379893445,
    "551AD02": 87883.75382907232,
    "559CR02": 103087.72035848483,
    "609СM02": 109393.59416680137,
    "641CM02": 103426.58066605305,
    "731FF02": 85708.26180229997,
    "731АP02": 135898.48413418749,
    "738SH02": 141143.55699324867,
    "841АР02": 133646.5399356539,
    "842LM02": 53630.45901392349,
    "843LM02": 144008.4918925028,
    "936BW02": 162334.0018168607,
    "A696AKD": 0,
    "A698FК": 0,
    "A858FF": 84297.72910438047,
    "A978AРD": 0,
    "А637FM": 0,
    "287СF02": 0,
    "867ЕY02": 0,
    "A697AKD": 0,
    "181DO02": 53090.81930424975,
    "A283FF": 48802.64155710698,
    "567AD02": 8703.699941434083
}