{
    "248PM02": 0.9821847756232687,
    "259PM02": 1,
    "279CF02": 1,
    "284PM02": 0.9980528092718571,
    "351AQ02": 0.9898925701530614,
    "361AQ02": 0.9915071126489814,
    "376CV02": 0.922358649596098,
    "384BP02": 0.9804000000000002,
    "551AD02": 0.9923902218198281,
    "559CR02": 0.9736033079584775,
    "609CM02": 1,
    "641CM02": 1,
    "731AP02": 0.9434617283950617,
    "738SH02": 1,
    "841AP02": 0.9776533765375143,
    "842LM02": 1,
    "843LM02": 1,
    "936BW02": 0.989902795224977,
    "A637FM": 0.9442140589569162,
    "A698FK": 0.928380045351474,
    "A731FF": 0.8319000000000001,
    "A858FF": 0.9356290612244899,
    "271PM02": 0.9947349525214144,
    "287CF02": 1,
    "151CT02": 0.96225306122449,
    "A867EY": 0.999999888888889,
    "181DO02": 0.9188613406795224,
    "A283FF": 0.9463526167800455,
    "567AD02": 0.84
}