{
    "Абдигалиев Мурат Курманжанович": {
        "181DO02": 0.8096455418381345,
        "248PM02": 0.9780960000000002,
        "284PM02": 0.9660387755102042,
        "287CF02": 0.9803999999999999,
        "559CR02": 0.8099040000000002,
        "609CM02": 0.9965484375
    },
    "Асанбеков Бақыт Асанбекұлы": {
        "551AD02": 0.9923902218198281
    },
    "Байбалаев Ерик Аманжолович": {
        "731AP02": 0.9431532065720917
    },
    "Баймурзаев Адилбек Абенович": {
        "609CM02": 0.9930634897959185
    },
    "Баньяшимов Полат Махмудович": {
        "567AD02": 0.84,
        "A637FM": 0.9471856795648316
    },
    "Биссариев Жолдыбек Нурымжанович": {
        "A731FF": 0.8287919923788055
    },
    "Бутабаев Габит Есбосынович": {
        "279CF02": 0.9087960000000002
    },
    "Джолдасбаев Сапарбай Сайлаубаевич": {
        "287CF02": 0.9768960000000002
    },
    "Есенгалиев Аскар Токтасынович": {
        "A858FF": 0.9691961682632239
    },
    "Журсинбеков Аскар Бахытович": {
        "271PM02": 0.9375000000000002,
        "284PM02": 0.984195918367347,
        "351AQ02": 0.9977967513536028,
        "361AQ02": 0.9811918367346939,
        "841AP02": 1.0,
        "842LM02": 0.9783769977324264
    },
    "Кадыров Серик Джалелович": {
        "738SH02": 0.9968902306330696
    },
    "Калиев Серик Дуйсенбекович": {
        "559CR02": 0.9656515555555554
    },
    "Кемелканов Есболат Жаксылыкович": {
        "151CT02": 0.96225306122449,
        "287CF02": 0.986544,
        "559CR02": 0.9705019375,
        "609CM02": 0.988764,
        "A731FF": 0.9309061224489797,
        "A858FF": 0.8775
    },
    "Клименчук Олег Анатольевич": {
        "284PM02": 0.9993777442337882
    },
    "Кумабеков Бекмурат Ниязалиевич": {
        "376CV02": 0.9297583323444483
    },
    "Молдабеков Рашит Нусипалиевич": {
        "259PM02": 0.9980901964918201
    },
    "Мухамедияров Думан Жаркынжанович": {
        "181DO02": 0.8426555555555557,
        "287CF02": 0.9919,
        "559CR02": 0.9100000000000001,
        "A637FM": 0.8534204081632655,
        "A698FK": 0.9376218917311123
    },
    "Нурсеитов Нуржан Сматович": {
        "259PM02": 0.9903773242630385,
        "284PM02": 0.9999988520408164,
        "559CR02": 0.966632888888889,
        "A283FF": 0.9744000000000002,
        "A858FF": 0.9315720836482742
    },
    "Оспанбаев Женис Нурболатович": {
        "248PM02": 0.9996000000000002,
        "384BP02": 0.9804000000000002,
        "559CR02": 0.9697240000000003,
        "A283FF": 0.9439566847147023,
        "A867EY": 0.9809560000000002
    },
    "Сарсебаев Азамат Айдарбекович": {
        "843LM02": 0.9784416599286565
    },
    "Симтиков Жомарт Нуркасымбекович": {
        "361AQ02": 0.9925766732174353
    },
    "Симтиков Кайнар Нуркасымбекович": {
        "731AP02": 0.9516,
        "841AP02": 0.9767856267359015
    },
    "Султанбеков Касым Жаксибекович": {
        "248PM02": 0.9744441189060643,
        "731AP02": 0.9382122448979592
    },
    "Тегисбаев Ерболат Адилгожаевич": {
        "271PM02": 0.9956963459893762,
        "A858FF": 0.9247673469387756
    },
    "Токмолдаев Даулет Молдашович": {
        "279CF02": 0.6682239999999999,
        "284PM02": 0.9875305555555556,
        "A867EY": 0.9998333553719009
    },
    "Умирбеков Нурбол Юсупакынович": {
        "351AQ02": 0.9879688912090716
    },
    "Шакенов Болат Садырбаевич": {
        "641CM02": 0.9685528888888888
    },
    "Шахметов Абай Сейтжанович": {
        "936BW02": 0.989902795224977
    }
}